{
  "vector_count": 468,
  "explained_variance_ratio": [
    0.9390231966972351,
    0.026193704456090927,
    0.0074874768033623695
  ]
}