{
  "vector_count": 468,
  "explained_variance_ratio": [
    0.6874760985374451,
    0.14354217052459717,
    0.05644800513982773
  ]
}