{
  "vector_count": 468,
  "explained_variance_ratio": [
    0.9592728018760681,
    0.015535356476902962,
    0.004839127883315086
  ]
}