{
  "vector_count": 468,
  "explained_variance_ratio": [
    0.9641437530517578,
    0.01046411506831646,
    0.006136965472251177
  ]
}