{
  "vector_count": 468,
  "explained_variance_ratio": [
    0.6391160488128662,
    0.15150876343250275,
    0.06446909159421921
  ]
}