{
  "vector_count": 468,
  "explained_variance_ratio": [
    0.8454617261886597,
    0.03884384408593178,
    0.03765811771154404
  ]
}