{
  "vector_count": 468,
  "explained_variance_ratio": [
    0.9531892538070679,
    0.01898108795285225,
    0.0057346029207110405
  ]
}