{
  "vector_count": 468,
  "explained_variance_ratio": [
    0.9527119994163513,
    0.015285639092326164,
    0.0093365628272295
  ]
}